burden_m,spacing_m,stemming_m,powder_factor_kg_m3,d80_mm,ppv_mms,vibration_ppv_mms,airblast_dbl,cost_per_tonne_usd,crusher_throughput_tph,valid,violations
3.5,3.5,2.0,0.8,436.5,0.97,0.97,113.6,1373.15,1513.5,True,
3.5,3.5,2.0,0.555,550.0,0.73,0.73,112.3,2508.39,1348.4,True,
3.5,3.5,2.0,0.563,545.5,0.73,0.73,112.3,2463.46,1353.9,True,
3.5,3.5,2.0,0.602,522.5,0.77,0.77,112.6,2233.65,1383.4,True,
3.5,3.5,2.0,0.582,534.1,0.75,0.75,112.5,2349.68,1368.3,True,
3.5,3.5,2.0,0.586,531.6,0.76,0.76,112.5,2324.61,1371.5,True,
3.5,3.5,2.0,0.749,455.2,0.92,0.92,113.4,1559.98,1482.2,True,
3.5,3.5,2.0,0.606,520.2,0.78,0.78,112.6,2209.76,1386.5,True,
3.5,3.5,2.0,0.691,479.1,0.86,0.86,113.1,1798.84,1444.8,True,
3.5,3.5,2.0,0.579,535.6,0.75,0.75,112.4,2364.57,1366.4,True,
3.5,3.5,2.0,0.615,515.3,0.79,0.79,112.7,2161.61,1393.0,True,
3.5,3.5,2.0,0.631,507.2,0.8,0.8,112.8,2080.32,1404.1,True,
3.5,3.5,2.0,0.565,544.3,0.74,0.74,112.3,2450.9,1355.5,True,
3.5,3.5,2.0,0.588,530.2,0.76,0.76,112.5,2310.39,1373.3,True,
3.5,3.5,2.0,0.772,446.4,0.95,0.95,113.5,1471.58,1496.8,True,
3.5,3.5,2.0,0.726,464.1,0.9,0.9,113.3,1648.98,1467.9,True,
3.5,3.5,2.0,0.766,448.7,0.94,0.94,113.5,1494.88,1492.9,True,
3.5,3.5,2.01,0.781,443.4,0.95,0.95,113.5,1441.76,1501.8,True,
3.5,3.5,2.0,0.686,480.9,0.86,0.86,113.1,1817.44,1442.0,True,
3.5,3.5,2.0,0.66,493.0,0.83,0.83,112.9,1938.0,1424.2,True,
3.5,3.5,2.0,0.666,490.0,0.84,0.84,112.9,1908.6,1428.5,True,
3.5,3.5,2.0,0.785,441.9,0.96,0.96,113.5,1426.44,1504.4,True,
3.5,3.5,2.0,0.673,486.8,0.85,0.85,113.0,1876.24,1433.2,True,
3.5,3.5,2.0,0.745,456.5,0.92,0.92,113.4,1573.2,1480.0,True,
3.5,3.5,2.0,0.694,477.4,0.87,0.87,113.1,1782.47,1447.2,True,
3.5,3.5,2.0,0.624,510.7,0.8,0.8,112.7,2115.44,1399.3,True,
3.5,3.5,2.0,0.657,494.5,0.83,0.83,112.9,1953.43,1422.0,True,
3.5,3.5,2.0,0.592,528.3,0.76,0.76,112.5,2291.34,1375.8,True,
3.5,3.5,2.0,0.654,496.1,0.83,0.83,112.9,1969.37,1419.7,True,
3.5,3.5,2.0,0.703,473.5,0.88,0.88,113.1,1742.9,1453.3,True,
3.5,3.5,2.0,0.64,502.6,0.81,0.81,112.8,2034.57,1410.5,True,
3.5,3.5,2.0,0.699,475.2,0.87,0.87,113.1,1760.08,1450.6,True,
3.5,3.5,2.0,0.651,497.4,0.82,0.82,112.9,1982.36,1417.9,True,
3.5,3.5,2.0,0.794,438.4,0.97,0.97,113.6,1391.69,1510.3,True,
3.5,3.5,2.0,0.635,505.1,0.81,0.81,112.8,2059.28,1407.0,True,
3.5,3.5,2.0,0.777,444.8,0.95,0.95,113.5,1455.46,1499.5,True,
3.5,3.5,2.0,0.729,462.9,0.9,0.9,113.3,1636.64,1469.8,True,
3.5,3.5,2.0,0.636,504.6,0.81,0.81,112.8,2054.38,1407.7,True,
3.5,3.5,2.02,0.755,453.0,0.93,0.93,113.4,1537.95,1485.8,True,
3.5,3.5,2.0,0.622,512.1,0.79,0.79,112.7,2129.59,1397.3,True,
3.5,3.5,2.05,0.719,467.7,0.89,0.89,113.2,1685.52,1462.2,True,
3.5,3.5,2.0,0.791,439.8,0.96,0.96,113.6,1405.87,1507.9,True,
3.5,3.5,2.0,0.568,542.0,0.74,0.74,112.4,2428.7,1358.3,True,
3.5,3.5,2.01,0.684,482.2,0.86,0.86,113.0,1830.08,1440.1,True,
3.5,3.5,2.0,0.757,452.1,0.93,0.93,113.4,1529.42,1487.2,True,
3.5,3.5,2.0,0.697,476.2,0.87,0.87,113.1,1770.44,1449.1,True,
3.5,3.5,2.0,0.595,526.3,0.77,0.77,112.5,2270.77,1378.5,True,
3.5,3.5,2.0,0.788,440.5,0.96,0.96,113.6,1413.39,1506.6,True,
3.5,3.5,2.0,0.71,470.6,0.88,0.88,113.2,1713.93,1457.7,True,
3.5,3.5,2.0,0.576,537.7,0.75,0.75,112.4,2385.02,1363.8,True,
3.5,3.5,2.0,0.648,498.9,0.82,0.82,112.8,1997.17,1415.8,True,
3.5,3.5,2.0,0.572,539.6,0.74,0.74,112.4,2404.12,1361.4,True,
3.5,3.5,2.0,0.599,524.4,0.77,0.77,112.6,2251.77,1381.0,True,
3.5,3.5,2.0,0.619,513.6,0.79,0.79,112.7,2144.42,1395.3,True,
3.5,3.5,2.0,0.798,437.3,0.97,0.97,113.6,1380.53,1512.3,True,
3.5,3.5,2.0,0.737,459.7,0.91,0.91,113.3,1604.9,1474.9,True,
3.5,3.5,2.0,0.627,509.1,0.8,0.8,112.7,2099.48,1401.5,True,
3.5,3.5,2.0,0.707,472.0,0.88,0.88,113.2,1727.91,1455.6,True,
3.5,3.5,2.0,0.612,517.0,0.79,0.79,112.6,2178.44,1390.7,True,
3.5,3.5,2.0,0.722,465.9,0.9,0.9,113.2,1667.07,1465.0,True,
3.5,3.5,2.0,0.761,450.6,0.93,0.93,113.4,1514.42,1489.6,True,
3.5,3.5,2.0,0.598,524.8,0.77,0.77,112.6,2256.27,1380.4,True,
3.5,3.5,2.0,0.741,458.0,0.91,0.91,113.3,1588.23,1477.6,True,
3.5,3.5,2.0,0.575,537.9,0.75,0.75,112.4,2387.5,1363.5,True,
3.5,3.5,2.0,0.677,485.3,0.85,0.85,113.0,1861.39,1435.4,True,
3.5,3.5,2.0,0.741,458.2,0.91,0.91,113.3,1589.89,1477.3,True,
3.5,3.5,2.0,0.612,517.3,0.78,0.78,112.6,2181.42,1390.3,True,
3.5,3.5,2.01,0.681,483.3,0.86,0.86,113.0,1841.01,1438.5,True,
3.5,3.5,2.0,0.722,465.9,0.9,0.9,113.2,1667.41,1465.0,True,
3.5,3.5,2.0,0.774,445.7,0.95,0.95,113.5,1464.76,1497.9,True,
3.5,3.5,2.0,0.646,499.6,0.82,0.82,112.8,2004.37,1414.8,True,
3.5,3.5,2.0,0.569,541.8,0.74,0.74,112.4,2426.16,1358.6,True,
3.5,3.5,2.0,0.642,501.7,0.82,0.82,112.8,2025.48,1411.8,True,
